U10,V10,U100,V100
2.124600139,-2.681966369,2.864279592,-3.666075765
2.521694654,-1.796960091,3.344858672,-2.464761461
2.672209855,-0.82251622,3.508448017,-1.214092935
2.457504348,-0.143642299,3.215232513,-0.355546415
2.245897683,0.389576113,2.957678353,0.332700922
1.986037616,0.796304215,2.655405999,0.882647967
1.319786507,1.440680778,1.946707522,1.941323146
-0.122060579,2.358906734,-0.235427168,4.323884652
-1.380190581,2.903624265,-3.048145009,6.041520047
-1.710881331,2.01393316,-4.213648336,4.877628176
